order_id,customer_id,product,amount,date
ORD_0001,CUST_002,Laptop,999.99,01-02-2026
ORD_0002,CUST_004,Wireless Headphones,149.99,11-03-2026
ORD_0003,CUST_002,Monitor,199.99,12-01-2026
ORD_0004,CUST_004,Smartwatch,249.99,04-01-2026
ORD_0005,CUST_004,Monitor,199.99,17-03-2026
ORD_0006,CUST_005,Laptop,999.99,21-01-2026
ORD_0007,CUST_007,Bluetooth Speaker,79.99,28-01-2026
ORD_0008,CUST_006,Smartphone,699.99,13-01-2026
ORD_0009,CUST_006,Bluetooth Speaker,79.99,06-01-2026
ORD_0010,CUST_008,Smartphone,1399.98,18-02-2026
ORD_0011,CUST_002,Tablet,449.99,21-03-2026
ORD_0012,CUST_006,Smartwatch,249.99,06-01-2026
ORD_0013,CUST_004,Tablet,899.98,30-01-2026
ORD_0014,CUST_002,Monitor,199.99,16-02-2026
ORD_0015,CUST_003,Bluetooth Speaker,79.99,04-02-2026
ORD_0016,CUST_002,Wireless Headphones,149.99,01-02-2026
ORD_0017,CUST_003,Keyboard,49.99,13-03-2026
ORD_0018,CUST_004,Bluetooth Speaker,79.99,08-01-2026
ORD_0019,CUST_004,Laptop,999.99,21-02-2026
ORD_0020,CUST_005,Smartphone,699.99,14-03-2026
ORD_0021,CUST_006,Smartwatch,249.99,20-02-2026
ORD_0022,CUST_008,Wireless Headphones,149.99,01-02-2026
ORD_0023,CUST_005,Monitor,399.98,21-02-2026
ORD_0024,CUST_006,Smartwatch,499.98,18-01-2026
ORD_0025,CUST_008,Smartphone,699.99,15-01-2026
ORD_0026,CUST_003,Wireless Headphones,149.99,24-02-2026
ORD_0027,CUST_002,Monitor,199.99,01-03-2026
ORD_0028,CUST_005,Laptop,999.99,15-01-2026
