product,date,price
Wireless Headphones,2026-09-02,659.24
Smartwatch,2026-09-03,523.64
Tablet,2026-09-03,527.09
Smartwatch,2026-09-08,1055.68
Smartphone,2026-09-09,978.34
Laptop,2026-09-10,947.99
Laptop,2026-09-10,1024.21
Smartwatch,2026-09-11,924.69
Smartphone,2026-09-13,825.21
Smartphone,2026-09-13,862.89
Wireless Headphones,2026-09-16,213.01
Laptop,2026-09-16,149.44
Tablet,2026-09-16,1184.80
Smartwatch,2026-09-17,559.38
Wireless Headphones,2026-09-17,914.79
Tablet,2026-09-19,479.53
Laptop,2026-09-20,231.69
Wireless Headphones,2026-09-21,288.57
Tablet,2026-09-21,1032.21
Smartphone,2026-09-21,657.74
Wireless Headphones,2026-09-21,1197.10
Smartphone,2026-09-22,566.11
Wireless Headphones,2026-09-23,888.15
Tablet,2026-09-23,682.78
Laptop,2026-09-25,755.08
Tablet,2026-09-27,199.29
Laptop,2026-09-28,90.63
Smartphone,2026-09-29,1079.00
Wireless Headphones,2026-09-30,414.96
Tablet,2026-09-30,296.86
